{
  "sensitivity": 0.9285714285714286,
  "specificity": 0.4090909090909091,
  "ppv": 0.21621621621621623,
  "npv": 0.9702602230483272,
  "accuracy": 0.4866666666666667,
  "auc_roc": 0.823261867442902,
  "mean_uncertainty": 0.17536742985248566,
  "n_test_samples": 750
}