{
  "train_loss": [
    7.452963950417258,
    6.771882811459628,
    6.633690157803622,
    6.592456583543258,
    6.570131605321711,
    6.561396997625177,
    6.543971972032026,
    6.5402345744046295,
    6.535373869809237,
    6.55171012878418,
    6.5375822674144395,
    6.521875268762762,
    6.5277114261280405,
    6.477956771850586,
    6.426983521201394,
    6.42121000289917,
    6.201935421336781,
    6.2767046928405765,
    6.090985072742809,
    6.169768810272217,
    6.086894269423051,
    6.062026457353071,
    6.001406539570201,
    6.120427183671431,
    6.075252437591553,
    9.892099942916479,
    6.7610288216517525,
    6.348797174600454,
    6.347483940613576,
    6.224678345215627,
    6.156375866669875,
    6.071344308364085,
    6.047262680836213,
    6.0028456663474055,
    5.933567860187629,
    6.08043656593714,
    5.953013285612449,
    5.979983152487339,
    5.963757594426473,
    5.801545552718333,
    6.048626557374612,
    5.944378559405987,
    5.91695666924501,
    5.901847784335796,
    5.816457335765545,
    5.898192414870629,
    5.763183697676047,
    5.975660403569539,
    5.901615576866345,
    5.91354548625457,
    5.866293069643852
  ],
  "val_loss": [
    6.666298945744832,
    6.562218586603801,
    6.546726902325948,
    6.565470616022746,
    6.532539010047913,
    6.5311726331710815,
    6.516606410344441,
    6.516967256863912,
    6.549478809038798,
    6.5075669685999555,
    6.512423594792684,
    6.519733866055806,
    6.509337862332662,
    6.462352315584819,
    6.237247308095296,
    6.276509245236714,
    6.1252085367838545,
    6.114575425783793,
    6.211170752843221,
    5.8348415692647295,
    5.9691468477249146,
    6.168933550516765,
    6.157671054204305,
    6.248451232910156,
    5.904019474983215,
    7.088757832845052,
    7.1700572570164995,
    7.059626936912537,
    6.711378693580627,
    6.874621192614238,
    6.693509419759114,
    6.695127646128337,
    6.561057527860005,
    7.019117712974548,
    6.718096017837524,
    6.258118033409119,
    6.758962154388428,
    6.733195145924886,
    6.605548699696858,
    6.537563681602478,
    6.568661332130432,
    6.606148560841878,
    6.748215874036153,
    6.55323326587677,
    6.732465982437134,
    6.729881842931111,
    6.402336239814758,
    6.703661918640137,
    6.803623914718628,
    6.5188190539677935,
    6.534691174825032
  ],
  "train_recon_loss": [
    1.0997841802510349,
    1.0464283780618147,
    1.0309407483447681,
    1.0236284440213983,
    1.0181264454668217,
    1.014548816464164,
    1.0127110091122713,
    1.0107883518392389,
    1.0092297239737078,
    1.0087345134128223,
    1.0096189043738626,
    1.0075012824752114,
    1.0062218991192904,
    1.0056894302368165,
    1.002004454352639,
    0.9989518230611628,
    0.9939216527071866,
    0.9867476105690003,
    0.984130597114563,
    0.9830763437531211,
    0.9819674350998618,
    0.9829279693690214,
    0.9786203882910989,
    0.9792104157534512,
    0.97858478047631,
    0.7147535376059704,
    0.716610135940405,
    0.714609023852226,
    0.7125218953841772,
    0.7112308442592621,
    0.7115541008802561,
    0.7112426849511954,
    0.709173573133273,
    0.7095766090429746,
    0.7107493296647683,
    0.7105519007413815,
    0.7099442237462753,
    0.7103728995873377,
    0.7103245120782119,
    0.7112060770010337,
    0.7094966494120084,
    0.7104734931236658,
    0.7088380601161566,
    0.7103608670907143,
    0.710699071486791,
    0.7106881539026896,
    0.7091257342925439,
    0.7077779471874237,
    0.7097149055737716,
    0.7100807787516178,
    0.7101831986353948
  ],
  "val_recon_loss": [
    1.0088216960430145,
    1.0080366432666779,
    1.0050092140833538,
    1.003619556625684,
    1.00532928109169,
    1.0048338373502095,
    1.0033311645189922,
    1.00437896947066,
    1.0035318732261658,
    1.0035750716924667,
    1.003132278720538,
    1.003494953115781,
    1.0029320071140926,
    0.9999698648850123,
    0.9960985531409582,
    0.9910062303145727,
    0.9890970836083094,
    0.9841481099526087,
    0.9793091267347336,
    0.9761094053586324,
    0.978420207897822,
    0.9753383696079254,
    0.9722980211178461,
    0.9763697038094202,
    0.9740523397922516,
    0.9990728348493576,
    0.9969363311926523,
    0.9954565813144048,
    0.9951827178398768,
    0.995147094130516,
    0.9951714326937994,
    0.9948213497797648,
    0.9946576257546743,
    0.9936209470033646,
    0.9953215916951498,
    0.9946750005086263,
    0.994937871893247,
    0.9947455575068792,
    0.9936653276284536,
    0.9929843991994858,
    0.9927563965320587,
    0.9922973463932673,
    0.993411049246788,
    0.9928458680709203,
    0.9920774598916372,
    0.9952638844648997,
    0.9931610822677612,
    0.9924853841463724,
    0.9945098211367925,
    0.9925653537114462,
    0.9944546024004618
  ],
  "train_kl_loss": [
    0.8047770814462142,
    0.18747346821156416,
    0.07461777146566997,
    0.038397137922319496,
    0.024218104102394798,
    0.016040043685246596,
    0.012225959619337862,
    0.008975964894687587,
    0.008170979275283489,
    0.00924563683908094,
    0.009499052624133501,
    0.012311525803736664,
    0.03008993911472234,
    0.05625441653484648,
    0.11862729503349824,
    0.2292225729335438,
    0.34292708879167383,
    0.41037027619101785,
    0.4568387199531902,
    0.4472961339083585,
    0.5326615062626925,
    0.500811263106086,
    0.5043113182891499,
    0.531752198934555,
    0.5567687706513839,
    0.5902520700907096,
    0.9050298417225863,
    0.9799695221277384,
    1.0441573468538432,
    1.0519225757855635,
    1.0771857828666003,
    1.0546378309910114,
    1.1027340315855467,
    1.074287744668814,
    1.0952026301469557,
    1.115950618798916,
    1.114790725402343,
    1.1138784625591376,
    1.0870028749490395,
    1.1037613321573307,
    1.100705277461272,
    1.1053131024042766,
    1.1216242565558507,
    1.111458950317823,
    1.1143284478248694,
    1.1254443197678297,
    1.1120514472325642,
    1.1130581070215275,
    1.1106607401982331,
    1.11991581091514,
    1.12003193069727
  ],
  "val_kl_loss": [
    0.12208964178959529,
    0.033217770513147116,
    0.014857947826385498,
    0.00754704213856409,
    0.0048391254773984356,
    0.0034397121247214577,
    0.0025601848998727896,
    0.0026141014338160553,
    0.0032371426156411567,
    0.003789016841134677,
    0.005461399715083341,
    0.011550949343169728,
    0.021835571620613337,
    0.06996164284646511,
    0.14977557212114334,
    0.2737477881213029,
    0.3045688569545746,
    0.33138742794593173,
    0.4149232382575671,
    0.39618856459856033,
    0.4174222374955813,
    0.42168115576108295,
    0.42175133029619855,
    0.46765897423028946,
    0.4275024433930715,
    0.22334271545211473,
    0.28241243958473206,
    0.41143812735875446,
    0.546388732890288,
    0.4705883065859477,
    0.512323223054409,
    0.5780004188418388,
    0.5937881469726562,
    0.5660082697868347,
    0.60822394490242,
    0.6471116890509924,
    0.6314347088336945,
    0.6215333044528961,
    0.6397461195786794,
    0.6201706727345785,
    0.6365238179763159,
    0.6201138645410538,
    0.6632316758235296,
    0.6400454094012579,
    0.6483481725056967,
    0.6371730069319407,
    0.6491254617770513,
    0.6649103214343389,
    0.677676647901535,
    0.6807929972807566,
    0.6679412722587585
  ],