{
  "train_loss": [
    7.452963950417258,
    6.771882811459628,
    6.633690157803622,
    6.592456583543258,
    6.570131605321711,
    6.561396997625177,
    6.543971972032026,
    6.5402345744046295,
    6.535373869809237,
    6.55171012878418,
    6.5375822674144395,
    6.521875268762762,
    6.5277114261280405,
    6.477956771850586,
    6.426983521201394,
    6.42121000289917,
    6.201935421336781,
    6.2767046928405765,
    6.090985072742809,
    6.169768810272217,
    6.086894269423051,
    6.062026457353071,
    6.001406539570201,
    6.120427183671431,
    6.075252437591553
  ],
  "val_loss": [
    6.666298945744832,
    6.562218586603801,
    6.546726902325948,
    6.565470616022746,
    6.532539010047913,
    6.5311726331710815,
    6.516606410344441,
    6.516967256863912,
    6.549478809038798,
    6.5075669685999555,
    6.512423594792684,
    6.519733866055806,
    6.509337862332662,
    6.462352315584819,
    6.237247308095296,
    6.276509245236714,
    6.1252085367838545,
    6.114575425783793,
    6.211170752843221,
    5.8348415692647295,
    5.9691468477249146,
    6.168933550516765,
    6.157671054204305,
    6.248451232910156,
    5.904019474983215
  ],
  "train_recon_loss": [
    1.0997841802510349,
    1.0464283780618147,
    1.0309407483447681,
    1.0236284440213983,
    1.0181264454668217,
    1.014548816464164,
    1.0127110091122713,
    1.0107883518392389,
    1.0092297239737078,
    1.0087345134128223,
    1.0096189043738626,
    1.0075012824752114,
    1.0062218991192904,
    1.0056894302368165,
    1.002004454352639,
    0.9989518230611628,
    0.9939216527071866,
    0.9867476105690003,
    0.984130597114563,
    0.9830763437531211,
    0.9819674350998618,
    0.9829279693690214,
    0.9786203882910989,
    0.9792104157534512,
    0.97858478047631
  ],
  "val_recon_loss": [
    1.0088216960430145,
    1.0080366432666779,
    1.0050092140833538,
    1.003619556625684,
    1.00532928109169,
    1.0048338373502095,
    1.0033311645189922,
    1.00437896947066,
    1.0035318732261658,
    1.0035750716924667,
    1.003132278720538,
    1.003494953115781,
    1.0029320071140926,
    0.9999698648850123,
    0.9960985531409582,
    0.9910062303145727,
    0.9890970836083094,
    0.9841481099526087,
    0.9793091267347336,
    0.9761094053586324,
    0.978420207897822,
    0.9753383696079254,
    0.9722980211178461,
    0.9763697038094202,
    0.9740523397922516
  ],
  "train_kl_loss": [
    0.8047770814462142,
    0.18747346821156416,
    0.07461777146566997,
    0.038397137922319496,
    0.024218104102394798,
    0.016040043685246596,
    0.012225959619337862,
    0.008975964894687587,
    0.008170979275283489,
    0.00924563683908094,
    0.009499052624133501,
    0.012311525803736664,
    0.03008993911472234,
    0.05625441653484648,
    0.11862729503349824,
    0.2292225729335438,
    0.34292708879167383,
    0.41037027619101785,
    0.4568387199531902,
    0.4472961339083585,
    0.5326615062626925,
    0.500811263106086,
    0.5043113182891499,
    0.531752198934555,
    0.5567687706513839
  ],
  "val_kl_loss": [
    0.12208964178959529,
    0.033217770513147116,
    0.014857947826385498,
    0.00754704213856409,
    0.0048391254773984356,
    0.0034397121247214577,
    0.0025601848998727896,
    0.0026141014338160553,
    0.0032371426156411567,
    0.003789016841134677,
    0.005461399715083341,
    0.011550949343169728,
    0.021835571620613337,
    0.06996164284646511,
    0.14977557212114334,
    0.2737477881213029,
    0.3045688569545746,
    0.33138742794593173,
    0.4149232382575671,
    0.39618856459856033,
    0.4174222374955813,
    0.42168115576108295,
    0.42175133029619855,
    0.46765897423028946,
    0.4275024433930715
  ],
  "train_class_loss": [
    1.1096805344928395,
    1.1075961969115518,
    1.1056263381784612,
    1.1060861999338323,
    1.1055574157021262,
    1.1061616323210977,
    1.1038070060990073,
    1.104094042561271,
    1.103594627163627,
    1.1067459897561507,
    1.1036928664554249,
    1.100412485816262,
    1.0982799085703763,
    1.0832025820558722,
    1.0612703507596797,
    1.03860712593252,
    0.9730173436078158,
    0.9759173479947176,
    0.9300031521103599,
    0.9478792591528459,
    0.9144530697302384,
    0.9156574476848949,
    0.9036949558691545,
    0.9218928998166864,
    0.9079797755588185
  ],
  "val_class_loss": [
    1.1070775538682938,
    1.1041928281386693,
    1.1053719222545624,
    1.1108608146508534,
    1.1044741421937943,
    1.1045798112948735,
    1.1021430095036824,
    1.101994827389717,
    1.108541985352834,
    1.1000405997037888,
    1.1007659832636516,
    1.1009376049041748,
    1.0969140628973644,
    1.0784841626882553,
    1.0182746450106304,
    1.002351035674413,
    0.9663085242112478,
    0.9598079870144526,
    0.963387688000997,
    0.8925087253252665,
    0.914660856127739,
    0.9543828070163727,
    0.9527243177096049,
    0.9608845114707947,
    0.9004929413398107
  ],
  "train_accuracy": [
    0.15,
    0.15,
    0.15,
    0.15,
    0.15,
    0.15,
    0.15,
    0.15,
    0.15,
    0.15,
    0.15,
    0.15,
    0.15228571428571427,
    0.16228571428571428,
    0.21257142857142858,
    0.27914285714285714,
    0.3534285714285714,
    0.41485714285714287,
    0.47514285714285714,
    0.4825714285714286,
    0.5134285714285715,
    0.5311428571428571,
    0.5562857142857143,
    0.5448571428571428,
    0.5605714285714286
  ],
  "val_accuracy": [
    0.15066666666666667,
    0.15066666666666667,
    0.15066666666666667,
    0.15066666666666667,
    0.15066666666666667,
    0.15066666666666667,
    0.15066666666666667,
    0.15066666666666667,
    0.15066666666666667,
    0.15066666666666667,
    0.15066666666666667,
    0.15066666666666667,
    0.15066666666666667,
    0.16666666666666666,
    0.252,
    0.328,
    0.44666666666666666,
    0.4866666666666667,
    0.52,
    0.5466666666666666,
    0.5613333333333334,
    0.5346666666666666,
    0.6146666666666667,
    0.58,
    0.624
  ]
}