{
  "train_loss": [
    2.8983122608878396,
    2.1525943517684936,
    1.9679396412589334,
    1.941682757030834,
    1.9138576962731102,
    1.9187661235982723,
    1.896414093537764,
    1.8949714703993363,
    1.8983256188305941,
    1.8925575082952326,
    1.8969209931113504,
    1.8786631497469815,
    1.8759053555401888,
    1.8849564508958296,
    1.8708722504702482,
    1.8851754773746838,
    1.8770028179342098,
    1.87544875795191,
    1.8840169711546464,
    1.8832008708607066,
    1.8678938778963956,
    1.8663254521109842,
    1.867051735791293
  ],
  "val_loss": [
    2.197218736012777,
    1.8963374197483063,
    1.8796417812506359,
    1.8713937103748322,
    1.8700370987256367,
    1.8552997012933095,
    1.8537178933620453,
    1.8369700908660889,
    1.865104208389918,
    1.863438715537389,
    1.8501190145810444,
    1.8565181692441304,
    1.857062002023061,
    1.8589322467645009,
    1.8507237533728282,
    1.855270395676295,
    1.8488479852676392,
    1.842200517654419,
    1.8491836686929066,
    1.8501218259334564,
    1.8523278335730236,
    1.8387465178966522,
    1.8489664594332378
  ],
  "train_recon_loss": [
    1.1028293425386602,
    1.0414325443181125,
    1.0311109510335055,
    1.0217975822362033,
    1.0177787683226847,
    1.0152015230872415,
    1.0131827094338157,
    1.011830933527513,
    1.0093467138030312,
    1.0089673378250816,
    1.0086138421838933,
    1.0086125601421703,
    1.0070569894530557,
    1.006856452335011,
    1.0061613874001936,
    1.006591791456396,
    1.0057679772377015,
    1.006181881644509,
    1.0046518921852112,
    1.0048201875253158,
    1.0056261279366232,
    1.0045421199365097,
    1.0051830129189925
  ],
  "val_recon_loss": [
    1.013572519024213,
    1.0084149688482285,
    1.0058946112791698,
    1.0054456889629364,
    1.0056774218877156,
    1.0040961056947708,
    1.002146710952123,
    1.0032129635413487,
    1.0031822671492894,
    1.0027752717336018,
    1.0030787885189056,
    1.0020828247070312,
    1.0028351147969563,
    1.0027998040119808,
    1.0024283876021702,
    1.0016632229089737,
    1.0029540757338207,
    1.0027222484350204,
    1.0026688873767853,
    1.0028943866491318,
    1.002867524822553,
    1.0018719285726547,
    1.0022950619459152
  ],
  "train_kl_loss": [
    0.48047870939428156,
    0.1288705984299833,
    0.04996207464825023,
    0.026214869929985566,
    0.016297169656238772,
    0.011366603193296628,
    0.007962576181373813,
    0.005958592138168487,
    0.005090122229673645,
    0.004258132725954056,
    0.003476057629185644,
    0.003085300660776821,
    0.002748997217382897,
    0.0026090174532410774,
    0.0022648425730453295,
    0.0021430786974220113,
    0.0020695697685534304,
    0.0020418529949066313,
    0.0018987909382717175,
    0.0019806738625365223,
    0.0018794615752995014,
    0.001828208514912562,
    0.0017186851452358745
  ],
  "val_kl_loss": [
    0.07081062750269969,
    0.019893282403548557,
    0.009051638112093011,
    0.004889427335001528,
    0.0029581182752735913,
    0.00210249579201142,
    0.0013881777316176642,
    0.0013251067430246621,
    0.001232441534133007,
    0.0011415023279065888,
    0.0009687758235183234,
    0.0009955830658630778,
    0.0010142474978541334,
    0.0009339336926738421,
    0.0008696581159407893,
    0.0009071536672612032,
    0.0010100162374631811,
    0.0009526614934050789,
    0.001078274838315944,
    0.0009076334002505367,
    0.0009118371235672385,
    0.0009252178084958965,
    0.0008695003634784371
  ],
  "train_class_loss": [
    0.6575021050193093,
    0.49114560268142005,
    0.4434333048083565,
    0.4468351515856656,
    0.43989087776704267,
    0.4460989914157174,
    0.4376344003460624,
    0.4385909676551819,
    0.44194438538768077,
    0.4396660257469524,
    0.44241554845463144,
    0.43348264260725544,
    0.43304968530481514,
    0.4377454914829948,
    0.4312230083075437,
    0.4382203075018796,
    0.4345826392824,
    0.43361251110380344,
    0.4387331496585499,
    0.43820000724358993,
    0.43019414110617205,
    0.4299775643782182,
    0.43007501580498436
  ],
  "val_class_loss": [
    0.556417798002561,
    0.43401458362738293,
    0.43234776457150775,
    0.43052930384874344,
    0.43070077896118164,
    0.42455053826173145,
    0.4250914951165517,
    0.41621600339810055,
    0.4303447554508845,
    0.4297609676917394,
    0.42303571850061417,
    0.42671987662712735,
    0.42660631487766904,
    0.4275992413361867,
    0.4237128670016925,
    0.42635001242160797,
    0.4224419370293617,
    0.4192628065745036,
    0.42271827161312103,
    0.4231599022944768,
    0.4242742409308751,
    0.41797468066215515,
    0.4229009598493576
  ],
  "train_accuracy": [
    0.6237142857142857,
    0.85,
    0.85,
    0.85,
    0.85,
    0.85,
    0.85,
    0.85,
    0.85,
    0.85,
    0.85,
    0.85,
    0.85,
    0.85,
    0.85,
    0.85,
    0.85,
    0.85,
    0.85,
    0.85,
    0.85,
    0.85,
    0.85
  ],
  "val_accuracy": [
    0.8493333333333334,
    0.8493333333333334,
    0.8493333333333334,
    0.8493333333333334,
    0.8493333333333334,
    0.8493333333333334,
    0.8493333333333334,
    0.8493333333333334,
    0.8493333333333334,
    0.8493333333333334,
    0.8493333333333334,
    0.8493333333333334,
    0.8493333333333334,
    0.8493333333333334,
    0.8493333333333334,
    0.8493333333333334,
    0.8493333333333334,
    0.8493333333333334,
    0.8493333333333334,
    0.8493333333333334,
    0.8493333333333334,
    0.8493333333333334,
    0.8493333333333334
  ]
}